Optymalny wynik,Otrzymany wynik,Czas wykonania,Blad wzgledny (procentowo)
\Dane\TSP\rat99.txt
 1211,8084,0.043174,567.547481%
\Dane\TSP\pr152.txt
 73682,1095912,0.059741,1387.353763%
\Dane\TSP\ts225.txt
 126643,1580465,0.084157,1147.968699%
\Dane\TSP\pr264.txt
 49135,1176049,0.097475,2293.505648%
\Dane\ATSP\ftv33.txt
 1286,4154,0.020571,223.017107%
\Dane\ATSP\ftv64.txt
 1839,9072,0.030637,393.311582%
\Dane\ATSP\kro100p.txt
 36230,195611,0.042312,439.914436%
\Dane\ATSP\ftv170.txt
 2755,25778,0.065376,835.680581%
\Dane\ATSP\ftv170.txt
 2755,3214,5.005360,16.660617%
