Optymalny wynik,Otrzymany wynik,Czas wykonania,Blad wzgledny (procentowo)
\Dane\TSP\rat99.txt
 1211,1421,5.000205,17.341040%
\Dane\TSP\pr152.txt
 73682,79459,5.000396,7.840449%
\Dane\TSP\ts225.txt
 126643,140193,5.000888,10.699368%
\Dane\TSP\pr264.txt
 49135,53844,5.000474,9.583800%
\Dane\ATSP\ftv33.txt
 1286,1483,5.000006,15.318818%
\Dane\ATSP\ftv64.txt
 1839,2188,5.000056,18.977705%
\Dane\ATSP\kro100p.txt
 36230,42354,5.000166,16.903119%
\Dane\ATSP\ftv170.txt
 2755,3580,5.000656,29.945554%
